avg_gripper_contact_length,num_gripper_contacts,prev_qpos,prev_qvel,qpos,qvel,control,time,success,total.timesteps,episode.final_reward,episode.return,episode.length,episode.duration,step
0.0,0.0,-0.025157830054764387,0.0014728048993510481,-0.025353312175021955,-0.001339426092753203,26.715420063640085,50.10000000001527,0.0,25500.0,-2.98,-2981.4,1000.0,5.223791770935058,100000
0.0,0.0,-0.06642304149767497,-0.003948978271966555,-0.06698618927012948,-0.006011767122954673,29.5882110106533,50.024000000015185,0.02,75465.04,-2.9,-2941.52,998.48,5.20370237827301,200000
